"City_ID","Country_Name"
10,"United Kingdom"
10,"United Kingdom"
10,"United Kingdom"
10,"United Kingdom"
10,"United Kingdom"
11,"South Africa"
12,"Australia"
13,"Japan"
13,"Japan"
13,"Japan"
13,"Japan"
13,"Japan"
13,"Japan"
13,"Japan"
13,"Japan"
13,"Japan"
13,"Japan"
13,"Japan"
13,"Japan"
13,"Japan"
13,"Japan"
13,"Japan"
14,"Brazil"
14,"Brazil"
14,"Brazil"
14,"Brazil"
14,"Brazil"
14,"Brazil"
14,"Brazil"
14,"Brazil"
14,"Brazil"
14,"Brazil"
14,"Brazil"
14,"Brazil"
14,"Brazil"
15,"Ireland"
15,"Ireland"
15,"Ireland"
15,"Ireland"
16,"Argentina"
16,"Argentina"
16,"Argentina"
17,"Bangladesh"
17,"Bangladesh"
17,"Bangladesh"
17,"Bangladesh"
18,"Brazil"
18,"Brazil"
19,"Chile"
19,"Chile"
19,"Chile"
19,"Chile"
20,"China"
20,"China"
20,"China"
20,"China"
20,"China"
20,"China"
20,"China"
20,"China"
20,"China"
20,"China"
20,"China"
20,"China"
20,"China"
20,"China"
20,"China"
20,"China"
20,"China"
21,"China"
21,"China"
21,"China"
21,"China"
21,"China"
21,"China"
22,"Colombia"
22,"Colombia"
22,"Colombia"
22,"Colombia"
22,"Colombia"
22,"Colombia"
22,"Colombia"
22,"Colombia"
23,"The Democratic Republic of the Congo"
23,"The Democratic Republic of the Congo"
23,"The Democratic Republic of the Congo"
23,"The Democratic Republic of the Congo"
24,"Ecuador"
24,"Ecuador"
24,"Ecuador"
25,"Egypt"
26,"Egypt"
27,"Germany"
28,"Ghana"
29,"S.A.R. China"
29,"S.A.R. China"
29,"S.A.R. China"
29,"S.A.R. China"
29,"S.A.R. China"
29,"S.A.R. China"
29,"S.A.R. China"
29,"S.A.R. China"
29,"S.A.R. China"
29,"S.A.R. China"
29,"S.A.R. China"
29,"S.A.R. China"
29,"S.A.R. China"
29,"S.A.R. China"
29,"S.A.R. China"
29,"S.A.R. China"
29,"S.A.R. China"
29,"S.A.R. China"
29,"S.A.R. China"
29,"S.A.R. China"
29,"S.A.R. China"
30,"India"
30,"India"
31,"India"
32,"Indonesia"
32,"Indonesia"
32,"Indonesia"
32,"Indonesia"
32,"Indonesia"
32,"Indonesia"
32,"Indonesia"
32,"Indonesia"
34,"Ivory Coast"
35,"Japan"
35,"Japan"
35,"Japan"
36,"Kenya"
36,"Kenya"
36,"Kenya"
36,"Kenya"
37,"Mexico"
37,"Mexico"
37,"Mexico"
37,"Mexico"
37,"Mexico"
37,"Mexico"
37,"Mexico"
37,"Mexico"
37,"Mexico"
37,"Mexico"
37,"Mexico"
37,"Mexico"
37,"Mexico"
37,"Mexico"
37,"Mexico"
37,"Mexico"
37,"Mexico"
37,"Mexico"
37,"Mexico"
37,"Mexico"
37,"Mexico"
37,"Mexico"
37,"Mexico"
37,"Mexico"
37,"Mexico"
37,"Mexico"
37,"Mexico"
37,"Mexico"
37,"Mexico"
37,"Mexico"
37,"Mexico"
37,"Mexico"
37,"Mexico"
37,"Mexico"
37,"Mexico"
37,"Mexico"
37,"Mexico"
37,"Mexico"
37,"Mexico"
38,"Morocco"
39,"India"
39,"India"
39,"India"
39,"India"
39,"India"
39,"India"
39,"India"
39,"India"
39,"India"
39,"India"
39,"India"
39,"India"
39,"India"
39,"India"
39,"India"
39,"India"
39,"India"
39,"India"
39,"India"
39,"India"
39,"India"
39,"India"
39,"India"
39,"India"
39,"India"
39,"India"
39,"India"
39,"India"
39,"India"
39,"India"
39,"India"
39,"India"
39,"India"
39,"India"
39,"India"
39,"India"
39,"India"
39,"India"
39,"India"
39,"India"
39,"India"
39,"India"
39,"India"
39,"India"
39,"India"
39,"India"
39,"India"
39,"India"
39,"India"
40,"India"
40,"India"
40,"India"
40,"India"
41,"India"
42,"India"
42,"India"
42,"India"
43,"India"
43,"India"
43,"India"
43,"India"
43,"India"
43,"India"
43,"India"
43,"India"
43,"India"
43,"India"
44,"India"
44,"India"
44,"India"
45,"India"
45,"India"
45,"India"
45,"India"
46,"India"
46,"India"
46,"India"
46,"India"
47,"India"
48,"India"
49,"India"
49,"India"
49,"India"
49,"India"
49,"India"
49,"India"
49,"India"
49,"India"
49,"India"
49,"India"
49,"India"
49,"India"
49,"India"
49,"India"
49,"India"
49,"India"
49,"India"
49,"India"
49,"India"
49,"India"
49,"India"
49,"India"
49,"India"
49,"India"
49,"India"
49,"India"
49,"India"
49,"India"
49,"India"
49,"India"
49,"India"
49,"India"
49,"India"
49,"India"
49,"India"
49,"India"
49,"India"
49,"India"
49,"India"
49,"India"
49,"India"
49,"India"
49,"India"
49,"India"
49,"India"
49,"India"
49,"India"
49,"India"
49,"India"
49,"India"
49,"India"
49,"India"
49,"India"
49,"India"
49,"India"
49,"India"
49,"India"
49,"India"
49,"India"
49,"India"
49,"India"
49,"India"
49,"India"
49,"India"
49,"India"
49,"India"
49,"India"
49,"India"
49,"India"
49,"India"
49,"India"
49,"India"
49,"India"
49,"India"
49,"India"
49,"India"
49,"India"
49,"India"
49,"India"
49,"India"
49,"India"
49,"India"
49,"India"
49,"India"
49,"India"
49,"India"
49,"India"
49,"India"
49,"India"
49,"India"
49,"India"
49,"India"
49,"India"
49,"India"
49,"India"
49,"India"
49,"India"
49,"India"
49,"India"
49,"India"
49,"India"
49,"India"
49,"India"
49,"India"
49,"India"
49,"India"
49,"India"
49,"India"
49,"India"
49,"India"
49,"India"
49,"India"
49,"India"
49,"India"
49,"India"
49,"India"
49,"India"
49,"India"
49,"India"
49,"India"
49,"India"
49,"India"
49,"India"
49,"India"
49,"India"
49,"India"
49,"India"
49,"India"
49,"India"
49,"India"
49,"India"
49,"India"
49,"India"
49,"India"
49,"India"
49,"India"
49,"India"
49,"India"
49,"India"
49,"India"
49,"India"
49,"India"
49,"India"
49,"India"
49,"India"
49,"India"
49,"India"
49,"India"
49,"India"
49,"India"
49,"India"
49,"India"
49,"India"
49,"India"
49,"India"
49,"India"
49,"India"
49,"India"
49,"India"
49,"India"
49,"India"
49,"India"
50,"India"
50,"India"
50,"India"
50,"India"
51,"India"
51,"India"
51,"India"
51,"India"
51,"India"
51,"India"
52,"India"
52,"India"
52,"India"
52,"India"
53,"India"
53,"India"
53,"India"
53,"India"
54,"India"
54,"India"
55,"India"
56,"India"
56,"India"
56,"India"
56,"India"
56,"India"
57,"India"
57,"India"
58,"India"
58,"India"
59,"India"
60,"India"
61,"India"
62,"India"
63,"India"
64,"India"
65,"India"
66,"India"
67,"India"
68,"India"
69,"India"
70,"India"
71,"India"
72,"India"
73,"India"
73,"India"
73,"India"
74,"India"
75,"India"
76,"India"
77,"India"
78,"India"
79,"India"
79,"India"
79,"India"
79,"India"
79,"India"
79,"India"
79,"India"
79,"India"
79,"India"
79,"India"
79,"India"
79,"India"
79,"India"
79,"India"
79,"India"
79,"India"
79,"India"
79,"India"
79,"India"
79,"India"
79,"India"
79,"India"
79,"India"
79,"India"
79,"India"
79,"India"
79,"India"
79,"India"
79,"India"
79,"India"
80,"India"
80,"India"
81,"India"
82,"India"
82,"India"
83,"India"
84,"India"
84,"India"
84,"India"
85,"India"
85,"India"
86,"India"
87,"India"
88,"India"
89,"India"
89,"India"
90,"India"
90,"India"
90,"India"
91,"India"
91,"India"
91,"India"
91,"India"
92,"India"
92,"India"
92,"India"
92,"India"
92,"India"
92,"India"
93,"India"
93,"India"
93,"India"
93,"India"
93,"India"
93,"India"
93,"India"
93,"India"
93,"India"
93,"India"
93,"India"
93,"India"
93,"India"
93,"India"
93,"India"
93,"India"
93,"India"
93,"India"
93,"India"
93,"India"
93,"India"
93,"India"
93,"India"
93,"India"
93,"India"
93,"India"
93,"India"
93,"India"
93,"India"
93,"India"
93,"India"
93,"India"
93,"India"
93,"India"
93,"India"
93,"India"
93,"India"
93,"India"
93,"India"
93,"India"
93,"India"
93,"India"
93,"India"
93,"India"
93,"India"
94,"India"
95,"India"
96,"India"
96,"India"
96,"India"
96,"India"
96,"India"
96,"India"
96,"India"
96,"India"
96,"India"
97,"India"
97,"India"
97,"India"
97,"India"
97,"India"
97,"India"
97,"India"
97,"India"
98,"India"
98,"India"
99,"India"
99,"India"
100,"India"
101,"India"
101,"India"
101,"India"
101,"India"
101,"India"
101,"India"
101,"India"
101,"India"
101,"India"
101,"India"
101,"India"
101,"India"
101,"India"
101,"India"
101,"India"
101,"India"
101,"India"
101,"India"
101,"India"
101,"India"
101,"India"
101,"India"
101,"India"
101,"India"
101,"India"
101,"India"
101,"India"
101,"India"
101,"India"
101,"India"
101,"India"
101,"India"
101,"India"
101,"India"
101,"India"
101,"India"
102,"India"
102,"India"
102,"India"
102,"India"
102,"India"
103,"India"
103,"India"
103,"India"
103,"India"
103,"India"
103,"India"
103,"India"
103,"India"
103,"India"
103,"India"
103,"India"
103,"India"
103,"India"
103,"India"
103,"India"
103,"India"
103,"India"
103,"India"
103,"India"
103,"India"
103,"India"
103,"India"
103,"India"
103,"India"
103,"India"
103,"India"
103,"India"
103,"India"
103,"India"
103,"India"
104,"India"
105,"India"
105,"India"
105,"India"
105,"India"
105,"India"
105,"India"
105,"India"
105,"India"
105,"India"
105,"India"
105,"India"
105,"India"
105,"India"
105,"India"
105,"India"
105,"India"
105,"India"
105,"India"
105,"India"
105,"India"
105,"India"
105,"India"
105,"India"
105,"India"
105,"India"
105,"India"
105,"India"
105,"India"
105,"India"
105,"India"
105,"India"
105,"India"
105,"India"
105,"India"
105,"India"
105,"India"
105,"India"
105,"India"
105,"India"
105,"India"
106,"India"
106,"India"
106,"India"
107,"India"
108,"India"
108,"India"
108,"India"
108,"India"
108,"India"
108,"India"
108,"India"
108,"India"
108,"India"
108,"India"
108,"India"
109,"Myanmar"
110,"New Zealand"
111,"Pakistan"
111,"Pakistan"
111,"Pakistan"
111,"Pakistan"
111,"Pakistan"
111,"Pakistan"
111,"Pakistan"
112,"Philippines"
112,"Philippines"
112,"Philippines"
112,"Philippines"
112,"Philippines"
112,"Philippines"
112,"Philippines"
113,"Peru"
113,"Peru"
113,"Peru"
114,"Russia"
114,"Russia"
114,"Russia"
114,"Russia"
114,"Russia"
115,"Saudi Arabia"
116,"Singapore"
117,"Republic of Korea"
117,"Republic of Korea"
117,"Republic of Korea"
117,"Republic of Korea"
117,"Republic of Korea"
117,"Republic of Korea"
118,"Sudan"
119,"Venezuela"
120,"Nigeria"
121,"Spain"
121,"Spain"
121,"Spain"
121,"Spain"
121,"Spain"
121,"Spain"
121,"Spain"
121,"Spain"
121,"Spain"
121,"Spain"
121,"Spain"
121,"Spain"
121,"Spain"
121,"Spain"
121,"Spain"
121,"Spain"
121,"Spain"
121,"Spain"
121,"Spain"
121,"Spain"
121,"Spain"
121,"Spain"
121,"Spain"
121,"Spain"
121,"Spain"
121,"Spain"
121,"Spain"
121,"Spain"
121,"Spain"
122,"Turkey"
123,"Uruguay"
123,"Uruguay"
123,"Uruguay"
124,"China"
124,"China"
124,"China"
124,"China"
124,"China"
124,"China"
124,"China"
124,"China"
124,"China"
124,"China"
124,"China"
124,"China"
124,"China"
124,"China"
124,"China"
124,"China"
124,"China"
124,"China"
124,"China"
124,"China"
125,"South Africa"
125,"South Africa"
125,"South Africa"
125,"South Africa"
125,"South Africa"
125,"South Africa"
125,"South Africa"
125,"South Africa"
125,"South Africa"
125,"South Africa"
125,"South Africa"
125,"South Africa"
125,"South Africa"
125,"South Africa"
125,"South Africa"
125,"South Africa"
125,"South Africa"
125,"South Africa"
125,"South Africa"
125,"South Africa"
125,"South Africa"
125,"South Africa"
125,"South Africa"
125,"South Africa"
125,"South Africa"
125,"South Africa"
125,"South Africa"
125,"South Africa"
125,"South Africa"
125,"South Africa"
125,"South Africa"
125,"South Africa"
125,"South Africa"
125,"South Africa"
125,"South Africa"
125,"South Africa"
125,"South Africa"
125,"South Africa"
125,"South Africa"
125,"South Africa"
125,"South Africa"
125,"South Africa"
125,"South Africa"
125,"South Africa"
125,"South Africa"
125,"South Africa"
125,"South Africa"
125,"South Africa"
125,"South Africa"
125,"South Africa"
125,"South Africa"
125,"South Africa"
125,"South Africa"
125,"South Africa"
125,"South Africa"
125,"South Africa"
125,"South Africa"
125,"South Africa"
125,"South Africa"
125,"South Africa"
125,"South Africa"
125,"South Africa"
125,"South Africa"
125,"South Africa"
125,"South Africa"
125,"South Africa"
125,"South Africa"
125,"South Africa"
125,"South Africa"
125,"South Africa"
125,"South Africa"
125,"South Africa"
125,"South Africa"
125,"South Africa"
125,"South Africa"
125,"South Africa"
125,"South Africa"
125,"South Africa"
125,"South Africa"
125,"South Africa"
125,"South Africa"
125,"South Africa"
125,"South Africa"
125,"South Africa"
125,"South Africa"
125,"South Africa"
125,"South Africa"
125,"South Africa"
125,"South Africa"
125,"South Africa"
125,"South Africa"
125,"South Africa"
125,"South Africa"
125,"South Africa"
125,"South Africa"
125,"South Africa"
125,"South Africa"
125,"South Africa"
125,"South Africa"
125,"South Africa"
125,"South Africa"
125,"South Africa"
125,"South Africa"
125,"South Africa"
125,"South Africa"
125,"South Africa"
125,"South Africa"
125,"South Africa"
125,"South Africa"
125,"South Africa"
125,"South Africa"
125,"South Africa"
125,"South Africa"
125,"South Africa"
125,"South Africa"
125,"South Africa"
125,"South Africa"
125,"South Africa"
125,"South Africa"
125,"South Africa"
125,"South Africa"
125,"South Africa"
125,"South Africa"
125,"South Africa"
125,"South Africa"
125,"South Africa"
125,"South Africa"
125,"South Africa"
125,"South Africa"
125,"South Africa"
125,"South Africa"
125,"South Africa"
125,"South Africa"
125,"South Africa"
125,"South Africa"
125,"South Africa"
125,"South Africa"
125,"South Africa"
125,"South Africa"
125,"South Africa"
125,"South Africa"
125,"South Africa"
125,"South Africa"
125,"South Africa"
125,"South Africa"
125,"South Africa"
125,"South Africa"
125,"South Africa"
125,"South Africa"
125,"South Africa"
125,"South Africa"
125,"South Africa"
125,"South Africa"
125,"South Africa"
125,"South Africa"
125,"South Africa"
125,"South Africa"
125,"South Africa"
125,"South Africa"
125,"South Africa"
125,"South Africa"
125,"South Africa"
125,"South Africa"
125,"South Africa"
125,"South Africa"
125,"South Africa"
125,"South Africa"
125,"South Africa"
125,"South Africa"
125,"South Africa"
125,"South Africa"
125,"South Africa"
125,"South Africa"
125,"South Africa"
125,"South Africa"
125,"South Africa"
125,"South Africa"
125,"South Africa"
125,"South Africa"
125,"South Africa"
125,"South Africa"
125,"South Africa"
125,"South Africa"
125,"South Africa"
125,"South Africa"
125,"South Africa"
125,"South Africa"
125,"South Africa"
125,"South Africa"
125,"South Africa"
125,"South Africa"
125,"South Africa"
125,"South Africa"
125,"South Africa"
125,"South Africa"
125,"South Africa"
125,"South Africa"
125,"South Africa"
125,"South Africa"
125,"South Africa"
125,"South Africa"
125,"South Africa"
125,"South Africa"
125,"South Africa"
125,"South Africa"
125,"South Africa"
125,"South Africa"
125,"South Africa"
125,"South Africa"
125,"South Africa"
125,"South Africa"
125,"South Africa"
125,"South Africa"
125,"South Africa"
125,"South Africa"
125,"South Africa"
125,"South Africa"
125,"South Africa"
125,"South Africa"
125,"South Africa"
125,"South Africa"
125,"South Africa"
125,"South Africa"
125,"South Africa"
125,"South Africa"
125,"South Africa"
125,"South Africa"
125,"South Africa"
125,"South Africa"
125,"South Africa"
125,"South Africa"
125,"South Africa"
125,"South Africa"
125,"South Africa"
125,"South Africa"
125,"South Africa"
125,"South Africa"
125,"South Africa"
125,"South Africa"
125,"South Africa"
125,"South Africa"
125,"South Africa"
125,"South Africa"
125,"South Africa"
125,"South Africa"
125,"South Africa"
125,"South Africa"
125,"South Africa"
125,"South Africa"
125,"South Africa"
125,"South Africa"
125,"South Africa"
125,"South Africa"
125,"South Africa"
125,"South Africa"
125,"South Africa"
125,"South Africa"
125,"South Africa"
125,"South Africa"
125,"South Africa"
125,"South Africa"
125,"South Africa"
125,"South Africa"
125,"South Africa"
125,"South Africa"
125,"South Africa"
125,"South Africa"
125,"South Africa"
125,"South Africa"
125,"South Africa"
125,"South Africa"
125,"South Africa"
125,"South Africa"
125,"South Africa"
125,"South Africa"
125,"South Africa"
125,"South Africa"
125,"South Africa"
125,"South Africa"
125,"South Africa"
125,"South Africa"
125,"South Africa"
125,"South Africa"
125,"South Africa"
125,"South Africa"
125,"South Africa"
125,"South Africa"
125,"South Africa"
125,"South Africa"
125,"South Africa"
125,"South Africa"
125,"South Africa"
125,"South Africa"
125,"South Africa"
125,"South Africa"
125,"South Africa"
125,"South Africa"
125,"South Africa"
125,"South Africa"
125,"South Africa"
125,"South Africa"
125,"South Africa"
125,"South Africa"
125,"South Africa"
125,"South Africa"
125,"South Africa"
125,"South Africa"
125,"South Africa"
125,"South Africa"
125,"South Africa"
125,"South Africa"
125,"South Africa"
125,"South Africa"
125,"South Africa"
125,"South Africa"
125,"South Africa"
125,"South Africa"
125,"South Africa"
125,"South Africa"
125,"South Africa"
125,"South Africa"
125,"South Africa"
125,"South Africa"
125,"South Africa"
125,"South Africa"
125,"South Africa"
125,"South Africa"
125,"South Africa"
125,"South Africa"
125,"South Africa"
125,"South Africa"
125,"South Africa"
125,"South Africa"
125,"South Africa"
125,"South Africa"
125,"South Africa"
125,"South Africa"
125,"South Africa"
125,"South Africa"
125,"South Africa"
125,"South Africa"
125,"South Africa"
125,"South Africa"
125,"South Africa"
125,"South Africa"
125,"South Africa"
125,"South Africa"
125,"South Africa"
125,"South Africa"
125,"South Africa"
125,"South Africa"
125,"South Africa"
125,"South Africa"
125,"South Africa"
125,"South Africa"
125,"South Africa"
125,"South Africa"
125,"South Africa"
125,"South Africa"
125,"South Africa"
125,"South Africa"
125,"South Africa"
125,"South Africa"
125,"South Africa"
125,"South Africa"
125,"South Africa"
125,"South Africa"
125,"South Africa"
125,"South Africa"
125,"South Africa"
125,"South Africa"
125,"South Africa"
125,"South Africa"
125,"South Africa"
125,"South Africa"
125,"South Africa"
125,"South Africa"
125,"South Africa"
125,"South Africa"
125,"South Africa"
125,"South Africa"
125,"South Africa"
125,"South Africa"
125,"South Africa"
125,"South Africa"
125,"South Africa"
125,"South Africa"
125,"South Africa"
125,"South Africa"
125,"South Africa"
125,"South Africa"
125,"South Africa"
125,"South Africa"
125,"South Africa"
125,"South Africa"
125,"South Africa"
125,"South Africa"
125,"South Africa"
125,"South Africa"
125,"South Africa"
125,"South Africa"
125,"South Africa"
125,"South Africa"
125,"South Africa"
125,"South Africa"
125,"South Africa"
125,"South Africa"
125,"South Africa"
125,"South Africa"
125,"South Africa"
125,"South Africa"
125,"South Africa"
125,"South Africa"
125,"South Africa"
125,"South Africa"
125,"South Africa"
125,"South Africa"
125,"South Africa"
125,"South Africa"
125,"South Africa"
125,"South Africa"
125,"South Africa"
125,"South Africa"
125,"South Africa"
125,"South Africa"
125,"South Africa"
125,"South Africa"
125,"South Africa"
125,"South Africa"
125,"South Africa"
125,"South Africa"
125,"South Africa"
125,"South Africa"
125,"South Africa"
125,"South Africa"
125,"South Africa"
125,"South Africa"
125,"South Africa"
125,"South Africa"
125,"South Africa"
125,"South Africa"
125,"South Africa"
125,"South Africa"
125,"South Africa"
125,"South Africa"
125,"South Africa"
125,"South Africa"
125,"South Africa"
125,"South Africa"
125,"South Africa"
125,"South Africa"
125,"South Africa"
125,"South Africa"
125,"South Africa"
125,"South Africa"
125,"South Africa"
125,"South Africa"
125,"South Africa"
125,"South Africa"
125,"South Africa"
125,"South Africa"
125,"South Africa"
125,"South Africa"
125,"South Africa"
125,"South Africa"
125,"South Africa"
125,"South Africa"
125,"South Africa"
126,"Tunisia"
127,"Sierra Leone"
128,"Libya"
129,"Benin"
130,"Algeria"
130,"Algeria"
130,"Algeria"
130,"Algeria"
130,"Algeria"
130,"Algeria"
131,"Ethiopia"
131,"Ethiopia"
132,"Tanzania"
133,"Senegal"
133,"Senegal"
133,"Senegal"
133,"Senegal"
133,"Senegal"
133,"Senegal"
133,"Senegal"
133,"Senegal"
133,"Senegal"
133,"Senegal"
133,"Senegal"
134,"Zimbabwe"
134,"Zimbabwe"
134,"Zimbabwe"
134,"Zimbabwe"
147,"Costa Rica"
150,"Honduras"
150,"Honduras"
153,"Uganda"
154,"United States of America"
154,"United States of America"
154,"United States of America"
155,"United States of America"
155,"United States of America"
155,"United States of America"
156,"United States of America"
156,"United States of America"
156,"United States of America"
156,"United States of America"
157,"United States of America"
158,"United States of America"
158,"United States of America"
158,"United States of America"
158,"United States of America"
159,"United States of America"
159,"United States of America"
159,"United States of America"
159,"United States of America"
160,"United States of America"
160,"United States of America"
161,"United States of America"
161,"United States of America"
161,"United States of America"
161,"United States of America"
161,"United States of America"
161,"United States of America"
161,"United States of America"
161,"United States of America"
161,"United States of America"
161,"United States of America"
161,"United States of America"
161,"United States of America"
161,"United States of America"
161,"United States of America"
161,"United States of America"
161,"United States of America"
161,"United States of America"
161,"United States of America"
161,"United States of America"
161,"United States of America"
161,"United States of America"
161,"United States of America"
161,"United States of America"
161,"United States of America"
161,"United States of America"
161,"United States of America"
161,"United States of America"
161,"United States of America"
161,"United States of America"
161,"United States of America"
161,"United States of America"
161,"United States of America"
161,"United States of America"
161,"United States of America"
161,"United States of America"
161,"United States of America"
161,"United States of America"
161,"United States of America"
161,"United States of America"
161,"United States of America"
161,"United States of America"
161,"United States of America"
161,"United States of America"
161,"United States of America"
161,"United States of America"
161,"United States of America"
161,"United States of America"
161,"United States of America"
161,"United States of America"
161,"United States of America"
161,"United States of America"
161,"United States of America"
161,"United States of America"
161,"United States of America"
161,"United States of America"
161,"United States of America"
161,"United States of America"
161,"United States of America"
161,"United States of America"
161,"United States of America"
161,"United States of America"
162,"United States of America"
162,"United States of America"
162,"United States of America"
162,"United States of America"
162,"United States of America"
162,"United States of America"
162,"United States of America"
162,"United States of America"
162,"United States of America"
162,"United States of America"
162,"United States of America"
162,"United States of America"
162,"United States of America"
162,"United States of America"
162,"United States of America"
162,"United States of America"
162,"United States of America"
162,"United States of America"
162,"United States of America"
162,"United States of America"
162,"United States of America"
162,"United States of America"
163,"United States of America"
163,"United States of America"
163,"United States of America"
163,"United States of America"
164,"United States of America"
165,"United States of America"
166,"United States of America"
167,"United States of America"
167,"United States of America"
167,"United States of America"
168,"United States of America"
169,"United States of America"
169,"United States of America"
169,"United States of America"
169,"United States of America"
170,"United States of America"
171,"United States of America"
171,"United States of America"
171,"United States of America"
171,"United States of America"
171,"United States of America"
172,"United States of America"
172,"United States of America"
172,"United States of America"
172,"United States of America"
172,"United States of America"
173,"United States of America"
173,"United States of America"
173,"United States of America"
174,"United States of America"
174,"United States of America"
175,"United States of America"
176,"United States of America"
176,"United States of America"
176,"United States of America"
177,"United States of America"
177,"United States of America"
177,"United States of America"
177,"United States of America"
177,"United States of America"
177,"United States of America"
178,"United States of America"
178,"United States of America"
178,"United States of America"
178,"United States of America"
178,"United States of America"
178,"United States of America"
179,"United States of America"
180,"United States of America"
180,"United States of America"
180,"United States of America"
181,"United States of America"
181,"United States of America"
181,"United States of America"
181,"United States of America"
182,"United States of America"
182,"United States of America"
182,"United States of America"
183,"United States of America"
183,"United States of America"
183,"United States of America"
183,"United States of America"
184,"United States of America"
184,"United States of America"
184,"United States of America"
185,"United States of America"
186,"United States of America"
187,"United States of America"
187,"United States of America"
187,"United States of America"
188,"United States of America"
188,"United States of America"
188,"United States of America"
188,"United States of America"
188,"United States of America"
188,"United States of America"
188,"United States of America"
188,"United States of America"
188,"United States of America"
188,"United States of America"
188,"United States of America"
188,"United States of America"
188,"United States of America"
188,"United States of America"
188,"United States of America"
188,"United States of America"
188,"United States of America"
189,"United States of America"
190,"United States of America"
191,"United States of America"
192,"United States of America"
193,"Japan"
194,"Iran"
194,"Iran"
194,"Iran"
194,"Iran"
194,"Iran"
194,"Iran"
195,"Vietnam"
196,"Iraq"
197,"Brazil"
198,"Brazil"
199,"Brazil"
199,"Brazil"
199,"Brazil"
199,"Brazil"
200,"Brazil"
201,"Brazil"
202,"Canada"
202,"Canada"
202,"Canada"
202,"Canada"
203,"Canada"
204,"Bangladesh"
205,"Brazil"
206,"Angola"
207,"France"
207,"France"
207,"France"
207,"France"
207,"France"
207,"France"
207,"France"
208,"Spain"
209,"Russia"
210,"Thailand"
210,"Thailand"
210,"Thailand"
210,"Thailand"
211,"India"
212,"Mexico"
213,"Australia"
214,"Mexico"
215,"Turkey"
216,"South Africa"
217,"Colombia"
217,"Colombia"
217,"Colombia"
217,"Colombia"
217,"Colombia"
217,"Colombia"
217,"Colombia"
217,"Colombia"
217,"Colombia"
217,"Colombia"
218,"Saudi Arabia"
219,"Republic of Korea"
220,"Norway"
221,"Finland"
222,"Armenia"
223,"Serbia"
224,"Bulgaria"
225,"Switzerland"
226,"Denmark"
227,"Czech Republic"
228,"Sweden"
229,"Greece"
230,"Israel"
231,"Israel"
232,"Italy"
233,"Japan"
234,"South Africa"
235,"Nigeria"
236,"Afghanistan"
237,"Portugal"
238,"Vietnam"
239,"Ukraine"
240,"Puerto Rico"
241,"Romania"
242,"Kuwait"
243,"Yemen"
244,"Uzbekistan"
245,"Dominican Republic"
246,"Cuba"
247,"Paraguay"
248,"Azerbaijan"
249,"Lebanon"
250,"Belgium"
251,"Mali"
252,"Burkina Faso"
253,"Syria"
254,"Madagascar"
255,"United Arab Emirates"
256,"Hungary"
257,"Zambia"
258,"Poland"
259,"Guinea"
260,"Austria"
261,"Bolivia"
262,"Rwanda"
263,"Malawi"
264,"Mauritania"
265,"Laos"
266,"Liberia"
267,"Kyrgyzstan"
268,"Nicaragua"
269,"Mongolia"
270,"The Netherlands"
271,"Georgia"
272,"Mozambique"
273,"Jordan"
274,"Kazakhstan"
275,"Cambodia"
276,"Republic of the Congo"
277,"S.A.R. China"
278,"China"
279,"China"
280,"United States of America"
281,"United States of America"
281,"United States of America"
281,"United States of America"
281,"United States of America"
282,"United States of America"
283,"United States of America"
283,"United States of America"
284,"United States of America"
285,"United States of America"
286,"United States of America"
287,"United States of America"
288,"United States of America"
288,"United States of America"
288,"United States of America"
288,"United States of America"
288,"United States of America"
288,"United States of America"
288,"United States of America"
288,"United States of America"
288,"United States of America"
288,"United States of America"
288,"United States of America"
288,"United States of America"
288,"United States of America"
288,"United States of America"
288,"United States of America"
288,"United States of America"
288,"United States of America"
288,"United States of America"
288,"United States of America"
288,"United States of America"
288,"United States of America"
288,"United States of America"
288,"United States of America"
288,"United States of America"
288,"United States of America"
288,"United States of America"
288,"United States of America"
288,"United States of America"
288,"United States of America"
288,"United States of America"
288,"United States of America"
288,"United States of America"
288,"United States of America"
288,"United States of America"
288,"United States of America"
288,"United States of America"
288,"United States of America"
288,"United States of America"
288,"United States of America"
288,"United States of America"
288,"United States of America"
288,"United States of America"
288,"United States of America"
288,"United States of America"
288,"United States of America"
288,"United States of America"
288,"United States of America"
288,"United States of America"
288,"United States of America"
288,"United States of America"
288,"United States of America"
288,"United States of America"
288,"United States of America"
288,"United States of America"
288,"United States of America"
288,"United States of America"
288,"United States of America"
288,"United States of America"
288,"United States of America"
288,"United States of America"
288,"United States of America"
288,"United States of America"
288,"United States of America"
288,"United States of America"
288,"United States of America"
288,"United States of America"
288,"United States of America"
288,"United States of America"
288,"United States of America"
288,"United States of America"
288,"United States of America"
288,"United States of America"
288,"United States of America"
288,"United States of America"
288,"United States of America"
288,"United States of America"
288,"United States of America"
288,"United States of America"
288,"United States of America"
288,"United States of America"
288,"United States of America"
288,"United States of America"
288,"United States of America"
288,"United States of America"
288,"United States of America"
288,"United States of America"
288,"United States of America"
288,"United States of America"
288,"United States of America"
288,"United States of America"
288,"United States of America"
288,"United States of America"
288,"United States of America"
288,"United States of America"
288,"United States of America"
288,"United States of America"
288,"United States of America"
288,"United States of America"
288,"United States of America"
288,"United States of America"
288,"United States of America"
288,"United States of America"
288,"United States of America"
288,"United States of America"
288,"United States of America"
288,"United States of America"
288,"United States of America"
288,"United States of America"
288,"United States of America"
288,"United States of America"
288,"United States of America"
288,"United States of America"
288,"United States of America"
288,"United States of America"
288,"United States of America"
288,"United States of America"
288,"United States of America"
288,"United States of America"
288,"United States of America"
288,"United States of America"
288,"United States of America"
288,"United States of America"
288,"United States of America"
288,"United States of America"
288,"United States of America"
288,"United States of America"
288,"United States of America"
288,"United States of America"
288,"United States of America"
288,"United States of America"
288,"United States of America"
288,"United States of America"
288,"United States of America"
288,"United States of America"
288,"United States of America"
288,"United States of America"
288,"United States of America"
288,"United States of America"
288,"United States of America"
288,"United States of America"
288,"United States of America"
288,"United States of America"
288,"United States of America"
288,"United States of America"
288,"United States of America"
288,"United States of America"
288,"United States of America"
288,"United States of America"
288,"United States of America"
288,"United States of America"
288,"United States of America"
288,"United States of America"
288,"United States of America"
288,"United States of America"
288,"United States of America"
288,"United States of America"
288,"United States of America"
288,"United States of America"
288,"United States of America"
288,"United States of America"
288,"United States of America"
288,"United States of America"
288,"United States of America"
288,"United States of America"
288,"United States of America"
288,"United States of America"
288,"United States of America"
288,"United States of America"
288,"United States of America"
288,"United States of America"
288,"United States of America"
288,"United States of America"
288,"United States of America"
288,"United States of America"
288,"United States of America"
288,"United States of America"
288,"United States of America"
288,"United States of America"
288,"United States of America"
288,"United States of America"
288,"United States of America"
288,"United States of America"
288,"United States of America"
288,"United States of America"
288,"United States of America"
288,"United States of America"
288,"United States of America"
288,"United States of America"
288,"United States of America"
288,"United States of America"
288,"United States of America"
289,"United States of America"
290,"United States of America"
291,"United States of America"
292,"United States of America"
292,"United States of America"
293,"United States of America"
294,"United States of America"
295,"United States of America"
295,"United States of America"
295,"United States of America"
295,"United States of America"
295,"United States of America"
295,"United States of America"
295,"United States of America"
295,"United States of America"
295,"United States of America"
295,"United States of America"
295,"United States of America"
295,"United States of America"
295,"United States of America"
295,"United States of America"
295,"United States of America"
295,"United States of America"
295,"United States of America"
295,"United States of America"
296,"United States of America"
297,"United States of America"
298,"United States of America"
298,"United States of America"
298,"United States of America"
298,"United States of America"
298,"United States of America"
298,"United States of America"
298,"United States of America"
298,"United States of America"
298,"United States of America"
298,"United States of America"
298,"United States of America"
298,"United States of America"
298,"United States of America"
298,"United States of America"
298,"United States of America"
298,"United States of America"
298,"United States of America"
298,"United States of America"
298,"United States of America"
298,"United States of America"
298,"United States of America"
298,"United States of America"
298,"United States of America"
298,"United States of America"
298,"United States of America"
299,"United States of America"
299,"United States of America"
300,"United States of America"
300,"United States of America"
301,"United States of America"
302,"United States of America"
303,"United States of America"
304,"United States of America"
305,"United States of America"
306,"United States of America"
307,"United States of America"
308,"United States of America"
308,"United States of America"
308,"United States of America"
308,"United States of America"
308,"United States of America"
308,"United States of America"
308,"United States of America"
308,"United States of America"
308,"United States of America"
308,"United States of America"
308,"United States of America"
308,"United States of America"
308,"United States of America"
308,"United States of America"
308,"United States of America"
308,"United States of America"
308,"United States of America"
308,"United States of America"
308,"United States of America"
308,"United States of America"
308,"United States of America"
308,"United States of America"
308,"United States of America"
308,"United States of America"
308,"United States of America"
308,"United States of America"
308,"United States of America"
308,"United States of America"
308,"United States of America"
308,"United States of America"
308,"United States of America"
309,"United States of America"
310,"United States of America"
311,"United States of America"
312,"United States of America"
312,"United States of America"
313,"United States of America"
313,"United States of America"
313,"United States of America"
313,"United States of America"
314,"United States of America"
315,"United States of America"
316,"United States of America"
317,"United States of America"
317,"United States of America"
317,"United States of America"
317,"United States of America"
317,"United States of America"
318,"United States of America"
319,"United States of America"
320,"United States of America"
320,"United States of America"
320,"United States of America"
321,"United States of America"
322,"United States of America"
323,"United States of America"
324,"United States of America"
325,"United States of America"
326,"United States of America"
327,"United States of America"
328,"United States of America"
328,"United States of America"
328,"United States of America"
328,"United States of America"
328,"United States of America"
328,"United States of America"
328,"United States of America"
328,"United States of America"
329,"United States of America"
330,"United States of America"
331,"United States of America"
331,"United States of America"
331,"United States of America"
331,"United States of America"
331,"United States of America"
331,"United States of America"
331,"United States of America"
331,"United States of America"
332,"United States of America"
333,"United States of America"
334,"United States of America"
335,"United States of America"
336,"United States of America"
337,"United States of America"
339,"United States of America"
339,"United States of America"
340,"United States of America"
340,"United States of America"
341,"United States of America"
342,"United States of America"
343,"United States of America"
343,"United States of America"
343,"United States of America"
344,"United States of America"
345,"United States of America"
346,"United States of America"
347,"United States of America"
348,"United States of America"
349,"United States of America"
350,"United States of America"
351,"United States of America"
352,"United States of America"
353,"United States of America"
353,"United States of America"
353,"United States of America"
354,"United States of America"
355,"United States of America"
356,"United States of America"
357,"United States of America"
357,"United States of America"
358,"United States of America"
359,"United States of America"
360,"United States of America"
360,"United States of America"
361,"United States of America"
362,"United States of America"
363,"United States of America"
364,"United States of America"
365,"United States of America"
366,"United States of America"
367,"United States of America"
368,"United States of America"
368,"United States of America"
368,"United States of America"
368,"United States of America"
368,"United States of America"
368,"United States of America"
368,"United States of America"
368,"United States of America"
368,"United States of America"
368,"United States of America"
368,"United States of America"
368,"United States of America"
369,"United States of America"
370,"United States of America"
371,"United States of America"
372,"United States of America"
373,"United States of America"
374,"United States of America"
374,"United States of America"
374,"United States of America"
374,"United States of America"
374,"United States of America"
374,"United States of America"
374,"United States of America"
374,"United States of America"
374,"United States of America"
374,"United States of America"
374,"United States of America"
374,"United States of America"
374,"United States of America"
374,"United States of America"
374,"United States of America"
374,"United States of America"
374,"United States of America"
374,"United States of America"
375,"United States of America"
375,"United States of America"
376,"United States of America"
377,"United States of America"
378,"United States of America"
378,"United States of America"
379,"United States of America"
380,"United States of America"
380,"United States of America"
381,"United States of America"
382,"United States of America"
383,"United States of America"
384,"United States of America"
385,"United States of America"
386,"United States of America"
386,"United States of America"
387,"United States of America"
388,"United States of America"
388,"United States of America"
389,"United States of America"
390,"United States of America"
391,"United States of America"
392,"United States of America"
393,"United States of America"
393,"United States of America"
394,"United States of America"
395,"United States of America"
396,"United States of America"
396,"United States of America"
397,"United States of America"
398,"United States of America"
399,"United States of America"
400,"United States of America"
401,"United States of America"
401,"United States of America"
401,"United States of America"
401,"United States of America"
401,"United States of America"
401,"United States of America"
401,"United States of America"
401,"United States of America"
401,"United States of America"
401,"United States of America"
401,"United States of America"
401,"United States of America"
401,"United States of America"
401,"United States of America"
401,"United States of America"
401,"United States of America"
401,"United States of America"
401,"United States of America"
401,"United States of America"
401,"United States of America"
401,"United States of America"
401,"United States of America"
401,"United States of America"
401,"United States of America"
401,"United States of America"
401,"United States of America"
401,"United States of America"
401,"United States of America"
402,"United States of America"
402,"United States of America"
402,"United States of America"
402,"United States of America"
402,"United States of America"
402,"United States of America"
402,"United States of America"
402,"United States of America"
402,"United States of America"
402,"United States of America"
402,"United States of America"
402,"United States of America"
402,"United States of America"
402,"United States of America"
402,"United States of America"
402,"United States of America"
402,"United States of America"
402,"United States of America"
402,"United States of America"
402,"United States of America"
402,"United States of America"
402,"United States of America"
402,"United States of America"
402,"United States of America"
402,"United States of America"
402,"United States of America"
402,"United States of America"
402,"United States of America"
402,"United States of America"
402,"United States of America"
402,"United States of America"
403,"United States of America"
404,"United States of America"
404,"United States of America"
404,"United States of America"
405,"United States of America"
406,"United States of America"
407,"United States of America"
407,"United States of America"
407,"United States of America"
407,"United States of America"
407,"United States of America"
408,"United States of America"
409,"United States of America"
410,"United States of America"
411,"United States of America"
411,"United States of America"
412,"United States of America"
413,"United States of America"
414,"United States of America"
414,"United States of America"
414,"United States of America"
415,"United States of America"
416,"United States of America"
417,"United States of America"
417,"United States of America"
418,"United States of America"
419,"United States of America"
420,"United States of America"
421,"United States of America"
422,"United States of America"
423,"United States of America"
423,"United States of America"
424,"United States of America"
425,"United States of America"
426,"United States of America"
427,"United States of America"
428,"United States of America"
429,"United States of America"
430,"United States of America"
431,"United States of America"
432,"United States of America"
433,"United States of America"
434,"United States of America"
435,"United States of America"
436,"United States of America"
437,"United States of America"
438,"United States of America"
439,"United States of America"
440,"United States of America"
440,"United States of America"
440,"United States of America"
440,"United States of America"
440,"United States of America"
440,"United States of America"
440,"United States of America"
440,"United States of America"
440,"United States of America"
440,"United States of America"
441,"United States of America"
441,"United States of America"
441,"United States of America"
442,"United States of America"
443,"United States of America"
444,"United States of America"
445,"United States of America"
445,"United States of America"
446,"United States of America"
447,"United States of America"
448,"United States of America"
449,"United States of America"
450,"United States of America"
450,"United States of America"
451,"United States of America"
452,"United States of America"
453,"United States of America"
454,"United States of America"
455,"United States of America"
455,"United States of America"
456,"United States of America"
456,"United States of America"
456,"United States of America"
457,"United States of America"
457,"United States of America"
458,"United States of America"
459,"United States of America"
460,"United States of America"
461,"United States of America"
462,"United States of America"
463,"United States of America"
464,"United States of America"
464,"United States of America"
464,"United States of America"
464,"United States of America"
464,"United States of America"
464,"United States of America"
464,"United States of America"
465,"United States of America"
466,"United States of America"
466,"United States of America"
466,"United States of America"
467,"United States of America"
468,"United States of America"
469,"United States of America"
469,"United States of America"
470,"United States of America"
471,"United States of America"
472,"United States of America"
473,"China"
474,"China"
475,"China"
476,"China"
477,"Colombia"
477,"Colombia"
477,"Colombia"
477,"Colombia"
478,"Colombia"
478,"Colombia"
478,"Colombia"
478,"Colombia"
478,"Colombia"
479,"Ecuador"
479,"Ecuador"
479,"Ecuador"
479,"Ecuador"
479,"Ecuador"
479,"Ecuador"
479,"Ecuador"
479,"Ecuador"
479,"Ecuador"
479,"Ecuador"
479,"Ecuador"
479,"Ecuador"
479,"Ecuador"
479,"Ecuador"
479,"Ecuador"
479,"Ecuador"
479,"Ecuador"
479,"Ecuador"
479,"Ecuador"
479,"Ecuador"
479,"Ecuador"
479,"Ecuador"
479,"Ecuador"
479,"Ecuador"
479,"Ecuador"
479,"Ecuador"
479,"Ecuador"
479,"Ecuador"
479,"Ecuador"
479,"Ecuador"
479,"Ecuador"
479,"Ecuador"
479,"Ecuador"
479,"Ecuador"
479,"Ecuador"
479,"Ecuador"
479,"Ecuador"
479,"Ecuador"
479,"Ecuador"
479,"Ecuador"
479,"Ecuador"
480,"Mexico"
481,"Nigeria"
482,"Cameroon"
483,"The Democratic Republic of the Congo"
484,"Ghana"
485,"Chile"
486,"Kenya"
487,"Nigeria"
488,"Pakistan"
489,"Bangladesh"
490,"Brazil"
491,"Taiwan"
492,"China"
492,"China"
492,"China"
492,"China"
492,"China"
492,"China"
492,"China"
493,"China"
494,"China"
495,"China"
496,"China"
497,"China"
498,"China"
499,"China"
500,"Brazil"
501,"Somalia"
502,"Brazil"
503,"Venezuela"
504,"Panama"
505,"Nigeria"
506,"Morocco"
507,"Indonesia"
508,"Argentina"
509,"Russia"
510,"Iraq"
511,"Iran"
512,"United States of America"
512,"United States of America"
512,"United States of America"
512,"United States of America"
512,"United States of America"
512,"United States of America"
512,"United States of America"
512,"United States of America"
512,"United States of America"
513,"United States of America"
514,"Brazil"
514,"Brazil"
514,"Brazil"
514,"Brazil"
515,"Argentina"
516,"Bolivia"
517,"Colombia"
518,"Brazil"
519,"Brazil"
520,"Brazil"
521,"Brazil"
522,"Brazil"
523,"Brazil"
524,"Brazil"
525,"Brazil"
526,"Brazil"
527,"Brazil"
528,"Venezuela"
529,"Venezuela"
530,"Venezuela"
531,"Venezuela"
532,"Guatemala"
533,"Chile"
534,"Colombia"
535,"Colombia"
536,"El Salvador"
537,"Mexico"
538,"Mexico"
539,"Mexico"
540,"Mexico"
541,"Mexico"
542,"Mexico"
543,"Mexico"
544,"Mexico"
545,"Argentina"
546,"Venezuela"
547,"Italy"
548,"Canada"
549,"Italy"
550,"The Netherlands"
551,"Switzerland"
552,"Germany"
553,"Japan"
554,"Republic of Korea"
555,"United States of America"
556,"United States of America"
557,"United Kingdom"
558,"New Zealand"
559,"United Kingdom"
560,"South Africa"
561,"United States of America"
